Time,tp
1974-01-01 06:00:00,0.027929444
1974-02-01 06:00:00,0.027244091
1974-03-01 06:00:00,0.040577598
1974-04-01 06:00:00,0.051630788
1974-05-01 06:00:00,0.051481247
1974-06-01 06:00:00,0.039605428
1974-07-01 06:00:00,0.02173195
1974-08-01 06:00:00,0.024008367
1974-09-01 06:00:00,0.033404257
1974-10-01 06:00:00,0.033747483
1974-11-01 06:00:00,0.038028907
1974-12-01 06:00:00,0.031079128
1975-01-01 06:00:00,0.018048927
1975-02-01 06:00:00,0.039860725
1975-03-01 06:00:00,0.04610558
1975-04-01 06:00:00,0.07383118
1975-05-01 06:00:00,0.03431101
1975-06-01 06:00:00,0.027795695
1975-07-01 06:00:00,0.021185204
1975-08-01 06:00:00,0.027911186
1975-09-01 06:00:00,0.033395767
1975-10-01 06:00:00,0.034309294
1975-11-01 06:00:00,0.03167344
1975-12-01 06:00:00,0.019030884
1976-01-01 06:00:00,0.019338667
1976-02-01 06:00:00,0.03127651
1976-03-01 06:00:00,0.044350244
1976-04-01 06:00:00,0.0530613
1976-05-01 06:00:00,0.036162477
1976-06-01 06:00:00,0.025536444
1976-07-01 06:00:00,0.02842636
1976-08-01 06:00:00,0.024238206
1976-09-01 06:00:00,0.019394591
1976-10-01 06:00:00,0.034495067
1976-11-01 06:00:00,0.045230012
1976-12-01 06:00:00,0.0546608
1977-01-01 06:00:00,0.033519045
1977-02-01 06:00:00,0.02697735
1977-03-01 06:00:00,0.050871473
1977-04-01 06:00:00,0.042626187
1977-05-01 06:00:00,0.05069237
1977-06-01 06:00:00,0.03571491
1977-07-01 06:00:00,0.027355764
1977-08-01 06:00:00,0.025438879
1977-09-01 06:00:00,0.023375794
1977-10-01 06:00:00,0.042983245
1977-11-01 06:00:00,0.059704974
1977-12-01 06:00:00,0.053621538
1978-01-01 06:00:00,0.0155229755
1978-02-01 06:00:00,0.029410508
1978-03-01 06:00:00,0.048332505
1978-04-01 06:00:00,0.060158163
1978-05-01 06:00:00,0.039662648
1978-06-01 06:00:00,0.02889185
1978-07-01 06:00:00,0.013150883
1978-08-01 06:00:00,0.027773283
1978-09-01 06:00:00,0.031962678
1978-10-01 06:00:00,0.040236853
1978-11-01 06:00:00,0.037086777
1978-12-01 06:00:00,0.03157493
1979-01-01 06:00:00,0.045952987
1979-02-01 06:00:00,0.050491527
1979-03-01 06:00:00,0.06385918
1979-04-01 06:00:00,0.039377406
1979-05-01 06:00:00,0.043411832
1979-06-01 06:00:00,0.04063759
1979-07-01 06:00:00,0.008061647
1979-08-01 06:00:00,0.033717822
1979-09-01 06:00:00,0.021227455
1979-10-01 06:00:00,0.047020912
1979-11-01 06:00:00,0.04827614
1979-12-01 06:00:00,0.043838207
1980-01-01 06:00:00,0.018230941
1980-02-01 06:00:00,0.040322307
1980-03-01 06:00:00,0.038433265
1980-04-01 06:00:00,0.058278844
1980-05-01 06:00:00,0.06768131
1980-06-01 06:00:00,0.062389754
1980-07-01 06:00:00,0.011484861
1980-08-01 06:00:00,0.022103215
1980-09-01 06:00:00,0.041668892
1980-10-01 06:00:00,0.045169067
1980-11-01 06:00:00,0.041405015
1980-12-01 06:00:00,0.039300263
1981-01-01 06:00:00,0.01890751
1981-02-01 06:00:00,0.015587762
1981-03-01 06:00:00,0.047673225
1981-04-01 06:00:00,0.07024956
1981-05-01 06:00:00,0.05701485
1981-06-01 06:00:00,0.043590546
1981-07-01 06:00:00,0.026813313
1981-08-01 06:00:00,0.039053727
1981-09-01 06:00:00,0.03710976
1981-10-01 06:00:00,0.04128714
1981-11-01 06:00:00,0.061734773
1981-12-01 06:00:00,0.052630607
1982-01-01 06:00:00,0.027510837
1982-02-01 06:00:00,0.023862924
1982-03-01 06:00:00,0.05627289
1982-04-01 06:00:00,0.039146803
1982-05-01 06:00:00,0.0457016
1982-06-01 06:00:00,0.039437484
1982-07-01 06:00:00,0.021160793
1982-08-01 06:00:00,0.030725956
1982-09-01 06:00:00,0.041935157
1982-10-01 06:00:00,0.041153908
1982-11-01 06:00:00,0.046053603
1982-12-01 06:00:00,0.044727247
1983-01-01 06:00:00,0.009250626
1983-02-01 06:00:00,0.02545166
1983-03-01 06:00:00,0.042952158
1983-04-01 06:00:00,0.0643055
1983-05-01 06:00:00,0.047013473
1983-06-01 06:00:00,0.026134487
1983-07-01 06:00:00,0.030313015
1983-08-01 06:00:00,0.032779023
1983-09-01 06:00:00,0.029051207
1983-10-01 06:00:00,0.04762764
1983-11-01 06:00:00,0.04969883
1983-12-01 06:00:00,0.036768626
1984-01-01 06:00:00,0.012955632
1984-02-01 06:00:00,0.030571096
1984-03-01 06:00:00,0.06040764
1984-04-01 06:00:00,0.06414834
1984-05-01 06:00:00,0.029851723
1984-06-01 06:00:00,0.015160799
1984-07-01 06:00:00,0.031699654
1984-08-01 06:00:00,0.04290447
1984-09-01 06:00:00,0.022514533
1984-10-01 06:00:00,0.033289623
1984-11-01 06:00:00,0.051231768
1984-12-01 06:00:00,0.04202416
1985-01-01 06:00:00,0.032318115
1985-02-01 06:00:00,0.009555984
1985-03-01 06:00:00,0.027954292
1985-04-01 06:00:00,0.040303133
1985-05-01 06:00:00,0.053613666
1985-06-01 06:00:00,0.042959403
1985-07-01 06:00:00,0.016437626
1985-08-01 06:00:00,0.016584827
1985-09-01 06:00:00,0.03287554
1985-10-01 06:00:00,0.033660892
1985-11-01 06:00:00,0.042456437
1985-12-01 06:00:00,0.029421635
1986-01-01 06:00:00,0.02088824
1986-02-01 06:00:00,0.05313225
1986-03-01 06:00:00,0.06936303
1986-04-01 06:00:00,0.033393573
1986-05-01 06:00:00,0.040603068
1986-06-01 06:00:00,0.05145816
1986-07-01 06:00:00,0.017003298
1986-08-01 06:00:00,0.020235252
1986-09-01 06:00:00,0.035221864
1986-10-01 06:00:00,0.04272585
1986-11-01 06:00:00,0.059774213
1986-12-01 06:00:00,0.032579284
1987-01-01 06:00:00,0.025066603
1987-02-01 06:00:00,0.030220997
1987-03-01 06:00:00,0.055354122
1987-04-01 06:00:00,0.051834106
1987-05-01 06:00:00,0.059816934
1987-06-01 06:00:00,0.05711269
1987-07-01 06:00:00,0.032743163
1987-08-01 06:00:00,0.01921072
1987-09-01 06:00:00,0.0493042
1987-10-01 06:00:00,0.054491617
1987-11-01 06:00:00,0.041568566
1987-12-01 06:00:00,0.03514834
1988-01-01 06:00:00,0.036148667
1988-02-01 06:00:00,0.041347124
1988-03-01 06:00:00,0.035585213
1988-04-01 06:00:00,0.06298694
1988-05-01 06:00:00,0.06434612
1988-06-01 06:00:00,0.024057865
1988-07-01 06:00:00,0.031021781
1988-08-01 06:00:00,0.035947226
1988-09-01 06:00:00,0.028524399
1988-10-01 06:00:00,0.036637116
1988-11-01 06:00:00,0.052655604
1988-12-01 06:00:00,0.039858155
1989-01-01 06:00:00,0.008262318
1989-02-01 06:00:00,0.012177248
1989-03-01 06:00:00,0.04609452
1989-04-01 06:00:00,0.04149742
1989-05-01 06:00:00,0.055799868
1989-06-01 06:00:00,0.034958456
1989-07-01 06:00:00,0.018857002
1989-08-01 06:00:00,0.02801685
1989-09-01 06:00:00,0.036882687
1989-10-01 06:00:00,0.052598
1989-11-01 06:00:00,0.039695174
1989-12-01 06:00:00,0.038806062
1990-01-01 06:00:00,0.03300066
1990-02-01 06:00:00,0.048476413
1990-03-01 06:00:00,0.06261921
1990-04-01 06:00:00,0.05022812
1990-05-01 06:00:00,0.051347733
1990-06-01 06:00:00,0.026510047
1990-07-01 06:00:00,0.021975325
1990-08-01 06:00:00,0.036172673
1990-09-01 06:00:00,0.039435863
1990-10-01 06:00:00,0.028587244
1990-11-01 06:00:00,0.03805933
1990-12-01 06:00:00,0.03181697
1991-01-01 06:00:00,0.02907953
1991-02-01 06:00:00,0.04418955
1991-03-01 06:00:00,0.04685898
1991-04-01 06:00:00,0.06433411
1991-05-01 06:00:00,0.05679093
1991-06-01 06:00:00,0.05018921
1991-07-01 06:00:00,0.023637388
1991-08-01 06:00:00,0.032239437
1991-09-01 06:00:00,0.035877228
1991-10-01 06:00:00,0.037776187
1991-11-01 06:00:00,0.05352841
1991-12-01 06:00:00,0.02374607
1992-01-01 06:00:00,0.013663627
1992-02-01 06:00:00,0.010034781
1992-03-01 06:00:00,0.030967902
1992-04-01 06:00:00,0.055570602
1992-05-01 06:00:00,0.03534775
1992-06-01 06:00:00,0.03695946
1992-07-01 06:00:00,0.028335
1992-08-01 06:00:00,0.02825222
1992-09-01 06:00:00,0.024625301
1992-10-01 06:00:00,0.044079207
1992-11-01 06:00:00,0.041104514
1992-12-01 06:00:00,0.035735514
1993-01-01 06:00:00,0.022344165
1993-02-01 06:00:00,0.038960554
1993-03-01 06:00:00,0.04862881
1993-04-01 06:00:00,0.045351032
1993-05-01 06:00:00,0.053818893
1993-06-01 06:00:00,0.03285942
1993-07-01 06:00:00,0.013470363
1993-08-01 06:00:00,0.021655466
1993-09-01 06:00:00,0.031086924
1993-10-01 06:00:00,0.032795623
1993-11-01 06:00:00,0.041622162
1993-12-01 06:00:00,0.046057887
1994-01-01 06:00:00,0.033109013
1994-02-01 06:00:00,0.00916478
1994-03-01 06:00:00,0.041428857
1994-04-01 06:00:00,0.05769501
1994-05-01 06:00:00,0.038813308
1994-06-01 06:00:00,0.026123714
1994-07-01 06:00:00,0.029719733
1994-08-01 06:00:00,0.033787344
1994-09-01 06:00:00,0.041620824
1994-10-01 06:00:00,0.036691096
1994-11-01 06:00:00,0.05781975
1994-12-01 06:00:00,0.054022796
1995-01-01 06:00:00,0.022532973
1995-02-01 06:00:00,0.038449768
1995-03-01 06:00:00,0.047351457
1995-04-01 06:00:00,0.050945856
1995-05-01 06:00:00,0.05554962
1995-06-01 06:00:00,0.024058152
1995-07-01 06:00:00,0.02810583
1995-08-01 06:00:00,0.032211684
1995-09-01 06:00:00,0.03149948
1995-10-01 06:00:00,0.044085886
1995-11-01 06:00:00,0.06575127
1995-12-01 06:00:00,0.05015507
1996-01-01 06:00:00,0.030793302
1996-02-01 06:00:00,0.029645067
1996-03-01 06:00:00,0.063127324
1996-04-01 06:00:00,0.053230476
1996-05-01 06:00:00,0.04075279
1996-06-01 06:00:00,0.043647
1996-07-01 06:00:00,0.020370578
1996-08-01 06:00:00,0.03190822
1996-09-01 06:00:00,0.03826389
1996-10-01 06:00:00,0.043909077
1996-11-01 06:00:00,0.061904527
1996-12-01 06:00:00,0.049174704
1997-01-01 06:00:00,0.028524593
1997-02-01 06:00:00,0.0016716195
1997-03-01 06:00:00,0.030048564
1997-04-01 06:00:00,0.045483783
1997-05-01 06:00:00,0.032325555
1997-06-01 06:00:00,0.018579101
1997-07-01 06:00:00,0.024752043
1997-08-01 06:00:00,0.026171017
1997-09-01 06:00:00,0.029241562
1997-10-01 06:00:00,0.028286174
1997-11-01 06:00:00,0.047113802
1997-12-01 06:00:00,0.037677865
1998-01-01 06:00:00,0.04195967
1998-02-01 06:00:00,0.019248623
1998-03-01 06:00:00,0.062201124
1998-04-01 06:00:00,0.058264352
1998-05-01 06:00:00,0.057811543
1998-06-01 06:00:00,0.0259943
1998-07-01 06:00:00,0.02132864
1998-08-01 06:00:00,0.034628864
1998-09-01 06:00:00,0.041167066
1998-10-01 06:00:00,0.042957686
1998-11-01 06:00:00,0.039073374
1998-12-01 06:00:00,0.021611076
1999-01-01 06:00:00,0.020691417
1999-02-01 06:00:00,0.031845666
1999-03-01 06:00:00,0.055922706
1999-04-01 06:00:00,0.06989594
1999-05-01 06:00:00,0.02505045
1999-06-01 06:00:00,0.02882986
1999-07-01 06:00:00,0.019857215
1999-08-01 06:00:00,0.027886104
1999-09-01 06:00:00,0.027022459
1999-10-01 06:00:00,0.035756208
1999-11-01 06:00:00,0.061033253
1999-12-01 06:00:00,0.038959794
2000-01-01 06:00:00,0.023408916
2000-02-01 06:00:00,0.011700645
2000-03-01 06:00:00,0.03862123
2000-04-01 06:00:00,0.04236393
2000-05-01 06:00:00,0.01654358
2000-06-01 06:00:00,0.014608765
2000-07-01 06:00:00,0.026482295
2000-08-01 06:00:00,0.034888647
2000-09-01 06:00:00,0.03397665
2000-10-01 06:00:00,0.028487395
2000-11-01 06:00:00,0.0554411
2000-12-01 06:00:00,0.049596462
2001-01-01 06:00:00,0.013661135
2001-02-01 06:00:00,0.030222613
2001-03-01 06:00:00,0.05186806
2001-04-01 06:00:00,0.054153826
2001-05-01 06:00:00,0.03968735
2001-06-01 06:00:00,0.023015974
2001-07-01 06:00:00,0.018795013
2001-08-01 06:00:00,0.032071017
2001-09-01 06:00:00,0.04759865
2001-10-01 06:00:00,0.042684745
2001-11-01 06:00:00,0.06164303
2001-12-01 06:00:00,0.054549426
2002-01-01 06:00:00,0.019221134
2002-02-01 06:00:00,0.01044501
2002-03-01 06:00:00,0.07517834
2002-04-01 06:00:00,0.059163667
2002-05-01 06:00:00,0.04374256
2002-06-01 06:00:00,0.017940711
2002-07-01 06:00:00,0.012262439
2002-08-01 06:00:00,0.025771998
2002-09-01 06:00:00,0.015745593
2002-10-01 06:00:00,0.026541427
2002-11-01 06:00:00,0.061479766
2002-12-01 06:00:00,0.052080527
2003-01-01 06:00:00,0.028813478
2003-02-01 06:00:00,0.022359125
2003-03-01 06:00:00,0.064803705
2003-04-01 06:00:00,0.05169487
2003-05-01 06:00:00,0.0416317
2003-06-01 06:00:00,0.01965046
2003-07-01 06:00:00,0.019832801
2003-08-01 06:00:00,0.03508653
2003-09-01 06:00:00,0.024648283
2003-10-01 06:00:00,0.041293908
2003-11-01 06:00:00,0.05304089
2003-12-01 06:00:00,0.039101794
2004-01-01 06:00:00,0.03379107
2004-02-01 06:00:00,0.030663684
2004-03-01 06:00:00,0.035024453
2004-04-01 06:00:00,0.042678453
2004-05-01 06:00:00,0.05822315
2004-06-01 06:00:00,0.022781944
2004-07-01 06:00:00,0.015120745
2004-08-01 06:00:00,0.03690128
2004-09-01 06:00:00,0.03433361
2004-10-01 06:00:00,0.035021402
2004-11-01 06:00:00,0.051298715
2004-12-01 06:00:00,0.045231443
2005-01-01 06:00:00,0.009962138
2005-02-01 06:00:00,0.013690136
2005-03-01 06:00:00,0.049141694
2005-04-01 06:00:00,0.05168457
2005-05-01 06:00:00,0.06970711
2005-06-01 06:00:00,0.0323534
2005-07-01 06:00:00,0.020455837
2005-08-01 06:00:00,0.03440704
2005-09-01 06:00:00,0.030652236
2005-10-01 06:00:00,0.04399796
2005-11-01 06:00:00,0.059395604
2005-12-01 06:00:00,0.026346676
2006-01-01 06:00:00,0.03300657
2006-02-01 06:00:00,0.035724346
2006-03-01 06:00:00,0.05285759
2006-04-01 06:00:00,0.04874554
2006-05-01 06:00:00,0.053356554
2006-06-01 06:00:00,0.018778993
2006-07-01 06:00:00,0.02241745
2006-08-01 06:00:00,0.020482924
2006-09-01 06:00:00,0.033547785
2006-10-01 06:00:00,0.025872707
2006-11-01 06:00:00,0.047765356
2006-12-01 06:00:00,0.039652735
2007-01-01 06:00:00,0.025084525
2007-02-01 06:00:00,0.013501283
2007-03-01 06:00:00,0.025343701
2007-04-01 06:00:00,0.046953965
2007-05-01 06:00:00,0.048158266
2007-06-01 06:00:00,0.042391967
2007-07-01 06:00:00,0.02279768
2007-08-01 06:00:00,0.02872219
2007-09-01 06:00:00,0.035404395
2007-10-01 06:00:00,0.04236183
2007-11-01 06:00:00,0.05700226
2007-12-01 06:00:00,0.035258487
2008-01-01 06:00:00,0.024178885
2008-02-01 06:00:00,0.02241509
2008-03-01 06:00:00,0.056925397
2008-04-01 06:00:00,0.043919563
2008-05-01 06:00:00,0.024384689
2008-06-01 06:00:00,0.01361847
2008-07-01 06:00:00,0.028269954
2008-08-01 06:00:00,0.033007525
2008-09-01 06:00:00,0.031395722
2008-10-01 06:00:00,0.04393997
2008-11-01 06:00:00,0.038062375
2008-12-01 06:00:00,0.015427846
2009-01-01 06:00:00,0.035196595
2009-02-01 06:00:00,0.048032366
2009-03-01 06:00:00,0.051724248
2009-04-01 06:00:00,0.056676295
2009-05-01 06:00:00,0.03547764
2009-06-01 06:00:00,0.03316584
2009-07-01 06:00:00,0.018442154
2009-08-01 06:00:00,0.034787178
2009-09-01 06:00:00,0.043959808
2009-10-01 06:00:00,0.04578209
2009-11-01 06:00:00,0.06775665
2009-12-01 06:00:00,0.043970782
2010-01-01 06:00:00,0.0392876
2010-02-01 06:00:00,0.03522215
2010-03-01 06:00:00,0.049297526
2010-04-01 06:00:00,0.0479332
2010-05-01 06:00:00,0.047459792
2010-06-01 06:00:00,0.03836746
2010-07-01 06:00:00,0.030278299
2010-08-01 06:00:00,0.04765529
2010-09-01 06:00:00,0.041953277
2010-10-01 06:00:00,0.043913078
2010-11-01 06:00:00,0.04818707
2010-12-01 06:00:00,0.030755427
2011-01-01 06:00:00,0.012506556
2011-02-01 06:00:00,0.023223493
2011-03-01 06:00:00,0.03865843
2011-04-01 06:00:00,0.05258351
2011-05-01 06:00:00,0.028002359
2011-06-01 06:00:00,0.039398193
2011-07-01 06:00:00,0.03145914
2011-08-01 06:00:00,0.028824806
2011-09-01 06:00:00,0.03461018
2011-10-01 06:00:00,0.028898433
2011-11-01 06:00:00,0.04118662
2011-12-01 06:00:00,0.03520191
2012-01-01 06:00:00,0.004141988
2012-02-01 06:00:00,0.020431291
2012-03-01 06:00:00,0.01911674
2012-04-01 06:00:00,0.046070483
2012-05-01 06:00:00,0.03966284
2012-06-01 06:00:00,0.030753803
2012-07-01 06:00:00,0.033034418
2012-08-01 06:00:00,0.026239391
2012-09-01 06:00:00,0.050494
2012-10-01 06:00:00,0.06228428
2012-11-01 06:00:00,0.06330185
2012-12-01 06:00:00,0.05001621
2013-01-01 06:00:00,0.030952193
2013-02-01 06:00:00,0.018769901
2013-03-01 06:00:00,0.049407005
2013-04-01 06:00:00,0.06752606
2013-05-01 06:00:00,0.025193501
2013-06-01 06:00:00,0.043572996
2013-07-01 06:00:00,0.030230712
2013-08-01 06:00:00,0.034634203
2013-09-01 06:00:00,0.047247313
2013-10-01 06:00:00,0.042018127
2013-11-01 06:00:00,0.052502066
2013-12-01 06:00:00,0.017026152
2014-01-01 06:00:00,0.011232011
2014-02-01 06:00:00,0.010954265
2014-03-01 06:00:00,0.05453911
2014-04-01 06:00:00,0.044161417
2014-05-01 06:00:00,0.030115318
2014-06-01 06:00:00,0.030268095
2014-07-01 06:00:00,0.022329712
2014-08-01 06:00:00,0.029410645
2014-09-01 06:00:00,0.02534609
2014-10-01 06:00:00,0.0395318
2014-11-01 06:00:00,0.043713193
2014-12-01 06:00:00,0.024916682
2015-01-01 06:00:00,0.004021082
2015-02-01 06:00:00,0.013288368
2015-03-01 06:00:00,0.042554665
2015-04-01 06:00:00,0.06270714
2015-05-01 06:00:00,0.07607937
2015-06-01 06:00:00,0.05804844
2015-07-01 06:00:00,0.03317108
2015-08-01 06:00:00,0.04054012
2015-09-01 06:00:00,0.029018208
2015-10-01 06:00:00,0.052731514
2015-11-01 06:00:00,0.048796274
2015-12-01 06:00:00,0.045821678
2016-01-01 06:00:00,0.016274706
2016-02-01 06:00:00,0.013259988
2016-03-01 06:00:00,0.071855366
2016-04-01 06:00:00,0.067178346
2016-05-01 06:00:00,0.07406367
2016-06-01 06:00:00,0.01859455
2016-07-01 06:00:00,0.0475481
2016-08-01 06:00:00,0.028990077
2016-09-01 06:00:00,0.047416303
2016-10-01 06:00:00,0.04557705
2016-11-01 06:00:00,0.06827164
2016-12-01 06:00:00,0.026778985
2017-01-01 06:00:00,0.00634507
2017-02-01 06:00:00,0.029045884
2017-03-01 06:00:00,0.043910604
2017-04-01 06:00:00,0.036315348
2017-05-01 06:00:00,0.047216035
2017-06-01 06:00:00,0.03559799
2017-07-01 06:00:00,0.025032328
2017-08-01 06:00:00,0.026497934
2017-09-01 06:00:00,0.04241428
2017-10-01 06:00:00,0.051538847
2017-11-01 06:00:00,0.055385213
2017-12-01 06:00:00,0.02385182
2018-01-01 06:00:00,0.006774828
2018-02-01 06:00:00,0.027799893
2018-03-01 06:00:00,0.027030993
2018-04-01 06:00:00,0.04879036
2018-05-01 06:00:00,0.055039216
2018-06-01 06:00:00,0.03405046
2018-07-01 06:00:00,0.016868591
2018-08-01 06:00:00,0.021317098
2018-09-01 06:00:00,0.02503891
2018-10-01 06:00:00,0.044584848
2018-11-01 06:00:00,0.06707936
2018-12-01 06:00:00,0.042984392
2019-01-01 06:00:00,0.030620877
2019-02-01 06:00:00,0.013046272
2019-03-01 06:00:00,0.031418614
2019-04-01 06:00:00,0.06636734
2019-05-01 06:00:00,0.07465306
2019-06-01 06:00:00,0.048104856
2019-07-01 06:00:00,0.019839477
2019-08-01 06:00:00,0.041049954
2019-09-01 06:00:00,0.039244268
2019-10-01 06:00:00,0.048275568
2019-11-01 06:00:00,0.04243317
2019-12-01 06:00:00,0.042009182
2020-01-01 06:00:00,0.018496715
2020-02-01 06:00:00,0.04047461
2020-03-01 06:00:00,0.042658046
2020-04-01 06:00:00,0.04672623
2020-05-01 06:00:00,0.06995239
2020-06-01 06:00:00,0.04928474
2020-07-01 06:00:00,0.036386676
2020-08-01 06:00:00,0.04306755
2020-09-01 06:00:00,0.05239391
2020-10-01 06:00:00,0.0379138
2020-11-01 06:00:00,0.04276791
2020-12-01 06:00:00,0.029038284
2021-01-01 06:00:00,0.018416252
2021-02-01 06:00:00,0.010368902
2021-03-01 06:00:00,0.041965775
2021-04-01 06:00:00,0.0633606
2021-05-01 06:00:00,0.056498144
2021-06-01 06:00:00,0.017893933
2021-07-01 06:00:00,0.019130707
2021-08-01 06:00:00,0.020134732
2021-09-01 06:00:00,0.04828205
2021-10-01 06:00:00,0.06534919
2021-11-01 06:00:00,0.039741985
2021-12-01 06:00:00,0.054339033
2022-01-01 06:00:00,0.009146884
2022-02-01 06:00:00,0.010330267
2022-03-01 06:00:00,0.03833027
2022-04-01 06:00:00,0.038183786
2022-05-01 06:00:00,0.053868867
2022-06-01 06:00:00,0.024757195
2022-07-01 06:00:00,0.007881904
2022-08-01 06:00:00,0.025472831
2022-09-01 06:00:00,0.035211373
2022-10-01 06:00:00,0.026810262
2022-11-01 06:00:00,0.038162425
2022-12-01 06:00:00,0.031954512
2023-01-01 06:00:00,0.011310652
2023-02-01 06:00:00,0.015323989
2023-03-01 06:00:00,0.027497824
2023-04-01 06:00:00,0.045970157
2023-05-01 06:00:00,0.049103547
2023-06-01 06:00:00,0.047326278
2023-07-01 06:00:00,0.013844203
2023-08-01 06:00:00,0.03136158
2023-09-01 06:00:00,0.048171997
2023-10-01 06:00:00,0.039408494
2023-11-01 06:00:00,0.046792224
2023-12-01 06:00:00,0.048217047
2024-01-01 06:00:00,0.008332036
2024-02-01 06:00:00,0.022515543
2024-03-01 06:00:00,0.047653202
2024-04-01 06:00:00,0.055766106
2024-05-01 06:00:00,0.069683075
2024-06-01 06:00:00,0.047079086
2024-07-01 06:00:00,0.034627337
2024-08-01 06:00:00,0.048363112
2024-09-01 06:00:00,0.04382839
2024-10-01 06:00:00,0.047568895
2024-11-01 06:00:00,0.04656868
2024-12-01 06:00:00,0.027875014
